from,to,msg_size,average,median,min,max
-1,-1,8388608,1.405988,1.406824,1.404576,1.406872
