from,to,msg_size,average,median,min,max
0,1,8388608,1.618772,1.618772,1.617968,1.619576
0,2,8388608,1.665964,1.665964,1.665944,1.665984
0,3,8388608,1.950024,1.950024,1.949976,1.950072
1,2,8388608,1.940736,1.940736,1.940712,1.940760
1,3,8388608,1.621644,1.621644,1.621640,1.621648
2,3,8388608,1.246720,1.246720,1.246344,1.247096
